youtube_id,start_seconds,end_seconds,category,file_path
9F_fyxlmcbQ,30,40,bang,data\bang\9F_fyxlmcbQ_30.wav
HP4pdYya5YA,50,60,bang,data\bang\HP4pdYya5YA_50.wav
CNC405Lmj-A,30,40,bang,data\bang\CNC405Lmj-A_30.wav
80NENO4DU5c,0,10,bang,data\bang\80NENO4DU5c_0.wav
LHuz-jC26vE,30,40,bang,data\bang\LHuz-jC26vE_30.wav
0b7Uqf8GGX8,30,40,bang,data\bang\0b7Uqf8GGX8_30.wav
OIausS-tdzQ,110,120,bang,data\bang\OIausS-tdzQ_110.wav
8gWNlji6MrQ,270,280,bang,data\bang\8gWNlji6MrQ_270.wav
Nv9MIC5J7Ws,170,180,bang,data\bang\Nv9MIC5J7Ws_170.wav
94zsWCi4C6g,130,140,bang,data\bang\94zsWCi4C6g_130.wav
JxyCtISsU9g,110,120,bang,data\bang\JxyCtISsU9g_110.wav
8cp7zhv9Emo,0,10,bang,data\bang\8cp7zhv9Emo_0.wav
2CTzdLHSW-k,300,310,bang,data\bang\2CTzdLHSW-k_300.wav
4SwTxTUWKVk,30,40,bang,data\bang\4SwTxTUWKVk_30.wav
1kuD7H7HLSc,410,420,bang,data\bang\1kuD7H7HLSc_410.wav
Mgt7bvCb0AU,500,510,bang,data\bang\Mgt7bvCb0AU_500.wav
-hD2bvpvBAQ,120,130,bang,data\bang\-hD2bvpvBAQ_120.wav
0vo0Wt-kAuk,22,32,bang,data\bang\0vo0Wt-kAuk_22.wav
B8yBC-L3FJM,0,10,bang,data\bang\B8yBC-L3FJM_0.wav
01RAzLoK8Kc,30,40,bang,data\bang\01RAzLoK8Kc_30.wav
7Pd-GEhzeM8,16,26,bang,data\bang\7Pd-GEhzeM8_16.wav
9aGGIwOXze4,9,19,bang,data\bang\9aGGIwOXze4_9.wav
3ccXywmials,50,60,bang,data\bang\3ccXywmials_50.wav
56dHVfFCIhQ,50,60,bang,data\bang\56dHVfFCIhQ_50.wav
2RE30nhWTCI,30,40,bang,data\bang\2RE30nhWTCI_30.wav
-MZV847QNks,11,21,bang,data\bang\-MZV847QNks_11.wav
CqXVwTkTZtM,30,40,bang,data\bang\CqXVwTkTZtM_30.wav
8YYxythmUik,170,180,bang,data\bang\8YYxythmUik_170.wav
1UvqvIDgcM0,30,40,bang,data\bang\1UvqvIDgcM0_30.wav
0uScT50UyLg,30,40,bang,data\bang\0uScT50UyLg_30.wav
-F5paNmlgEI,30,40,bang,data\bang\-F5paNmlgEI_30.wav
0_fvwh1PfaI,10,20,bang,data\bang\0_fvwh1PfaI_10.wav
8UUwjJvok3Q,420,430,bang,data\bang\8UUwjJvok3Q_420.wav
6krLJrqq6uo,30,40,bang,data\bang\6krLJrqq6uo_30.wav
IOstXyzwbkg,20,30,bang,data\bang\IOstXyzwbkg_20.wav
3Y_esee5qr8,0,1,bang,data\bang\3Y_esee5qr8_0.wav
-NKMojpVkM0,30,40,bang,data\bang\-NKMojpVkM0_30.wav
OX9HvIixzZU,170,180,bang,data\bang\OX9HvIixzZU_170.wav
OuCio2hai3g,270,280,bang,data\bang\OuCio2hai3g_270.wav
Dr93EH-k3GQ,120,130,bang,data\bang\Dr93EH-k3GQ_120.wav
2u7McELg5SM,30,40,bang,data\bang\2u7McELg5SM_30.wav
1MsYpoyYcs8,10,20,bang,data\bang\1MsYpoyYcs8_10.wav
I_NNIyV408E,70,80,bang,data\bang\I_NNIyV408E_70.wav
B4JtMJVuA2Y,210,220,bang,data\bang\B4JtMJVuA2Y_210.wav
7K2xMFQ_NRk,30,40,bang,data\bang\7K2xMFQ_NRk_30.wav
A9S3oxaothg,15,25,bang,data\bang\A9S3oxaothg_15.wav
7wTfE8XCinI,30,40,bang,data\bang\7wTfE8XCinI_30.wav
-bgfDJxmBCA,30,40,bang,data\bang\-bgfDJxmBCA_30.wav
4n8R0daqUEI,30,40,bang,data\bang\4n8R0daqUEI_30.wav
-ZUWGd338bA,30,40,bang,data\bang\-ZUWGd338bA_30.wav
0Uvn8Kxwue0,0,4,bang,data\bang\0Uvn8Kxwue0_0.wav
FwoD5-_7QqU,10,20,bang,data\bang\FwoD5-_7QqU_10.wav
13EPAsZcqps,30,40,bang,data\bang\13EPAsZcqps_30.wav
0E8eLlywuaY,30,40,bang,data\bang\0E8eLlywuaY_30.wav
7Zo_8-SO-KY,160,170,bang,data\bang\7Zo_8-SO-KY_160.wav
-ABCvk86DjY,30,40,bang,data\bang\-ABCvk86DjY_30.wav
1dho2ch5pEo,30,40,bang,data\bang\1dho2ch5pEo_30.wav
Mnqq-MzIDaU,130,140,bang,data\bang\Mnqq-MzIDaU_130.wav
1NpsZ9CothY,30,40,bang,data\bang\1NpsZ9CothY_30.wav
276YUJl1Zfc,80,90,bang,data\bang\276YUJl1Zfc_80.wav
MOj4K1fzxzg,28,38,bang,data\bang\MOj4K1fzxzg_28.wav
J1E9KD0o7ak,0,10,bang,data\bang\J1E9KD0o7ak_0.wav
KB71CvgfSlw,0,10,bang,data\bang\KB71CvgfSlw_0.wav
K9fIsXhs6XE,0,6,bang,data\bang\K9fIsXhs6XE_0.wav
MTm84RXySJc,70,80,bang,data\bang\MTm84RXySJc_70.wav
NoX7WqDi09E,30,40,bang,data\bang\NoX7WqDi09E_30.wav
-kTmSasKosU,26,36,bang,data\bang\-kTmSasKosU_26.wav
16Xan4wih14,30,40,bang,data\bang\16Xan4wih14_30.wav
0zsRRg6NZDQ,21,31,bang,data\bang\0zsRRg6NZDQ_21.wav
0xo_z8KR_pU,120,130,bang,data\bang\0xo_z8KR_pU_120.wav
2QP0w_GQLj4,30,40,bang,data\bang\2QP0w_GQLj4_30.wav
3r_B-qRMKfk,320,330,bang,data\bang\3r_B-qRMKfk_320.wav
BLsRLNbVSXw,330,340,bang,data\bang\BLsRLNbVSXw_330.wav
CK9XEoqrEbc,110,120,bang,data\bang\CK9XEoqrEbc_110.wav
56S04SkU9tU,14,24,bang,data\bang\56S04SkU9tU_14.wav
83Cew0OOHNU,30,40,bang,data\bang\83Cew0OOHNU_30.wav
1J_QEQT_lmE,18,28,bang,data\bang\1J_QEQT_lmE_18.wav
9v88NFFnt6g,30,40,bang,data\bang\9v88NFFnt6g_30.wav
EIjUsgN74Co,10,20,bang,data\bang\EIjUsgN74Co_10.wav
1SvR1fds9qY,30,40,bang,data\bang\1SvR1fds9qY_30.wav
0H7htxFpJh4,30,40,bang,data\bang\0H7htxFpJh4_30.wav
IUpqgq2ViAw,20,30,bang,data\bang\IUpqgq2ViAw_20.wav
8yCUmSuaJto,30,40,bang,data\bang\8yCUmSuaJto_30.wav
G-M8RQDTosM,0,10,bang,data\bang\G-M8RQDTosM_0.wav
4o0SOLaVpBI,30,40,bang,data\bang\4o0SOLaVpBI_30.wav
1CbEvnAIArg,3,13,bang,data\bang\1CbEvnAIArg_3.wav
MiN9OaqQOLE,400,410,bang,data\bang\MiN9OaqQOLE_400.wav
0745WuMUvt4,30,40,bang,data\bang\0745WuMUvt4_30.wav
0hArcA4nQIE,20,30,bang,data\bang\0hArcA4nQIE_20.wav
L9xtwweLUJs,30,40,bang,data\bang\L9xtwweLUJs_30.wav
HI-2Ji_nDhk,90,100,bang,data\bang\HI-2Ji_nDhk_90.wav
76yqRLm1eRI,7,17,bang,data\bang\76yqRLm1eRI_7.wav
-W5b2e2sr-4,30,40,bang,data\bang\-W5b2e2sr-4_30.wav
KRwXVfJ9F1g,70,80,bang,data\bang\KRwXVfJ9F1g_70.wav
G0iSJBAVvh0,40,50,bang,data\bang\G0iSJBAVvh0_40.wav
NL3tovKkfAg,30,40,bang,data\bang\NL3tovKkfAg_30.wav
0QssQAEo-p8,50,60,bang,data\bang\0QssQAEo-p8_50.wav
6-u3RAxR14Y,1,11,bang,data\bang\6-u3RAxR14Y_1.wav
3aBr0R4xO50,30,40,bang,data\bang\3aBr0R4xO50_30.wav
-OBEs8B86Uo,19,29,bang,data\bang\-OBEs8B86Uo_19.wav
3aRVRJ3A51M,0,10,boom,data\boom\3aRVRJ3A51M_0.wav
3TwB4PKqKeA,30,40,boom,data\boom\3TwB4PKqKeA_30.wav
OtkKIu2I9lw,180,190,boom,data\boom\OtkKIu2I9lw_180.wav
BuUvwLeVk68,520,530,boom,data\boom\BuUvwLeVk68_520.wav
JA-86i-DWwU,30,40,boom,data\boom\JA-86i-DWwU_30.wav
FlI-r4hhI3c,200,210,boom,data\boom\FlI-r4hhI3c_200.wav
BPsVIVLDuvk,560,570,boom,data\boom\BPsVIVLDuvk_560.wav
6v2kmaEdNCM,120,130,boom,data\boom\6v2kmaEdNCM_120.wav
12Z0Vcadx-k,290,300,boom,data\boom\12Z0Vcadx-k_290.wav
9Ou2XsBnelA,570,580,boom,data\boom\9Ou2XsBnelA_570.wav
GYgGwVpdE9E,160,170,boom,data\boom\GYgGwVpdE9E_160.wav
NYnYMiIQ6lw,220,230,boom,data\boom\NYnYMiIQ6lw_220.wav
Df56eUo2ggg,150,160,boom,data\boom\Df56eUo2ggg_150.wav
3sMMJkBGfqA,510,520,boom,data\boom\3sMMJkBGfqA_510.wav
M7QMUPpt81Y,90,100,boom,data\boom\M7QMUPpt81Y_90.wav
HM9AQyTXEQA,0,10,boom,data\boom\HM9AQyTXEQA_0.wav
6l_JE3CYVJ8,510,520,boom,data\boom\6l_JE3CYVJ8_510.wav
CrurGAJGFEo,570,580,boom,data\boom\CrurGAJGFEo_570.wav
EOZPu3FI6sA,110,120,boom,data\boom\EOZPu3FI6sA_110.wav
7qF4Eumokvs,10,20,boom,data\boom\7qF4Eumokvs_10.wav
Kp4Ega-zOGo,200,210,boom,data\boom\Kp4Ega-zOGo_200.wav
H4BviYqn1tA,30,40,boom,data\boom\H4BviYqn1tA_30.wav
L0FTUcKnE4U,120,130,boom,data\boom\L0FTUcKnE4U_120.wav
JvuZMPr--f4,230,240,boom,data\boom\JvuZMPr--f4_230.wav
-rnq6amNnWA,320,330,boom,data\boom\-rnq6amNnWA_320.wav
Ep8SbqJaGHo,550,560,boom,data\boom\Ep8SbqJaGHo_550.wav
NCgcY4KTHck,40,50,boom,data\boom\NCgcY4KTHck_40.wav
KOFHlJ19IDI,60,70,boom,data\boom\KOFHlJ19IDI_60.wav
7kotn1s80Gc,140,150,boom,data\boom\7kotn1s80Gc_140.wav
Dc6CmD0EdBI,10,20,boom,data\boom\Dc6CmD0EdBI_10.wav
HmbFtTMbf1g,410,420,boom,data\boom\HmbFtTMbf1g_410.wav
8aL9TH0GInI,80,90,boom,data\boom\8aL9TH0GInI_80.wav
Mith7A5skUo,110,120,boom,data\boom\Mith7A5skUo_110.wav
B3I4bSxqwG0,80,90,boom,data\boom\B3I4bSxqwG0_80.wav
Cq749Lxuuco,210,220,boom,data\boom\Cq749Lxuuco_210.wav
CTaPDfuluZY,0,10,boom,data\boom\CTaPDfuluZY_0.wav
KQMr7MEXmdQ,10,20,boom,data\boom\KQMr7MEXmdQ_10.wav
7VEF8ZKOdYA,230,240,boom,data\boom\7VEF8ZKOdYA_230.wav
7zfdu3QyWv4,100,110,boom,data\boom\7zfdu3QyWv4_100.wav
G-M8RQDTosM,0,10,boom,data\boom\G-M8RQDTosM_0.wav
8l7hWWfq510,20,30,boom,data\boom\8l7hWWfq510_20.wav
G3ejECC1FTQ,90,100,boom,data\boom\G3ejECC1FTQ_90.wav
K6dnKMVxurw,120,130,boom,data\boom\K6dnKMVxurw_120.wav
9TQYN_LLm6s,280,290,boom,data\boom\9TQYN_LLm6s_280.wav
BzVfH2ruLxM,50,60,boom,data\boom\BzVfH2ruLxM_50.wav
2RWRG5XJ5Os,90,100,boom,data\boom\2RWRG5XJ5Os_90.wav
1zOLpFRnAvc,580,590,boom,data\boom\1zOLpFRnAvc_580.wav
NYlylx4YgLY,0,10,boom,data\boom\NYlylx4YgLY_0.wav
KboEDKSZUkQ,80,90,boom,data\boom\KboEDKSZUkQ_80.wav
HeHP-5_cP00,260,270,boom,data\boom\HeHP-5_cP00_260.wav
4CAhzSEo5XE,400,410,boom,data\boom\4CAhzSEo5XE_400.wav
8WBr2fR6kBk,20,30,boom,data\boom\8WBr2fR6kBk_20.wav
E9_DreB5AjM,170,180,boom,data\boom\E9_DreB5AjM_170.wav
7ZrDUuR6jhQ,50,60,boom,data\boom\7ZrDUuR6jhQ_50.wav
B3G7kPX2_rM,0,10,boom,data\boom\B3G7kPX2_rM_0.wav
NagLZIOnZ0A,0,10,boom,data\boom\NagLZIOnZ0A_0.wav
E8m8FOhw9nw,30,40,boom,data\boom\E8m8FOhw9nw_30.wav
OcezbN5YXVI,20,30,boom,data\boom\OcezbN5YXVI_20.wav
HDNF2KNGH-E,490,500,boom,data\boom\HDNF2KNGH-E_490.wav
DNT9bMS09r8,80,90,boom,data\boom\DNT9bMS09r8_80.wav
DLPnV3WgU4I,100,110,boom,data\boom\DLPnV3WgU4I_100.wav
I_FYvWXlXyo,30,40,boom,data\boom\I_FYvWXlXyo_30.wav
0Nq69fenTmM,390,400,boom,data\boom\0Nq69fenTmM_390.wav
8S6_afpHtQs,190,200,boom,data\boom\8S6_afpHtQs_190.wav
HG4qXbC35so,140,150,boom,data\boom\HG4qXbC35so_140.wav
0BewK7HkkLY,40,50,boom,data\boom\0BewK7HkkLY_40.wav
A3E7NkINXWo,170,180,boom,data\boom\A3E7NkINXWo_170.wav
FoDZZPawhoE,140,150,boom,data\boom\FoDZZPawhoE_140.wav
MeKCnuTuG0c,10,20,boom,data\boom\MeKCnuTuG0c_10.wav
-gwswJmn12w,90,100,boom,data\boom\-gwswJmn12w_90.wav
-bppCRRgzlw,10,20,boom,data\boom\-bppCRRgzlw_10.wav
JgqMf7_msjs,580,590,boom,data\boom\JgqMf7_msjs_580.wav
7SIeU9fVXZU,20,30,boom,data\boom\7SIeU9fVXZU_20.wav
8LegQ8CaVXM,0,10,boom,data\boom\8LegQ8CaVXM_0.wav
Iak_D9Bgt1g,40,50,boom,data\boom\Iak_D9Bgt1g_40.wav
EKhwmTwDlmc,0,10,boom,data\boom\EKhwmTwDlmc_0.wav
3J01Z_RSJms,180,190,boom,data\boom\3J01Z_RSJms_180.wav
Gh4ZGzYS5Tg,130,140,boom,data\boom\Gh4ZGzYS5Tg_130.wav
GhrioxtLAe8,90,100,boom,data\boom\GhrioxtLAe8_90.wav
G4ZiEe7Ucmw,550,560,boom,data\boom\G4ZiEe7Ucmw_550.wav
-Sh-hjj0aa0,460,470,boom,data\boom\-Sh-hjj0aa0_460.wav
JN3KfsrwBmU,240,250,boom,data\boom\JN3KfsrwBmU_240.wav
5d6yMnd4g3k,360,370,boom,data\boom\5d6yMnd4g3k_360.wav
EuyXfM_1wqU,220,230,boom,data\boom\EuyXfM_1wqU_220.wav
7mD6xGXoQMs,460,470,boom,data\boom\7mD6xGXoQMs_460.wav
A0fxegOQVwM,200,210,boom,data\boom\A0fxegOQVwM_200.wav
7vOcKyuSXn0,270,280,boom,data\boom\7vOcKyuSXn0_270.wav
8dmYnZKAwg4,170,180,boom,data\boom\8dmYnZKAwg4_170.wav
4RZkYxp6Z9s,20,30,boom,data\boom\4RZkYxp6Z9s_20.wav
E1gQftvvdEw,570,580,boom,data\boom\E1gQftvvdEw_570.wav
Jz2VILTZYS4,30,40,boom,data\boom\Jz2VILTZYS4_30.wav
BPZxixuvl1c,240,250,boom,data\boom\BPZxixuvl1c_240.wav
FntDGXIUbYo,240,250,boom,data\boom\FntDGXIUbYo_240.wav
Gou4PoO6R14,150,160,boom,data\boom\Gou4PoO6R14_150.wav
53p4y3aNvds,470,480,boom,data\boom\53p4y3aNvds_470.wav
9CWa8FjOE_I,330,340,boom,data\boom\9CWa8FjOE_I_330.wav
MeOQhUnCRLI,450,460,boom,data\boom\MeOQhUnCRLI_450.wav
N4ytlsK-FAY,250,260,boom,data\boom\N4ytlsK-FAY_250.wav
Oo9f3RybAtM,0,10,boom,data\boom\Oo9f3RybAtM_0.wav
8xR3LfbETD0,420,430,boom,data\boom\8xR3LfbETD0_420.wav
H_D74RgVbe4,11,21,explosion,data\explosion\H_D74RgVbe4_11.wav
Okq2bmoM4ik,30,40,explosion,data\explosion\Okq2bmoM4ik_30.wav
KTJ1SuuEsAY,30,40,explosion,data\explosion\KTJ1SuuEsAY_30.wav
FVfccy2vx3c,40,50,explosion,data\explosion\FVfccy2vx3c_40.wav
6V2n63P3m18,30,40,explosion,data\explosion\6V2n63P3m18_30.wav
0-jc_qX7QE8,30,40,explosion,data\explosion\0-jc_qX7QE8_30.wav
0TxZyvH6VUY,10,20,explosion,data\explosion\0TxZyvH6VUY_10.wav
JSEqlMBzCkg,30,40,explosion,data\explosion\JSEqlMBzCkg_30.wav
CKO9G6-8zEo,30,40,explosion,data\explosion\CKO9G6-8zEo_30.wav
GFEGuKddCK4,2,12,explosion,data\explosion\GFEGuKddCK4_2.wav
N50zYa7e-nc,5,15,explosion,data\explosion\N50zYa7e-nc_5.wav
DggKgQ9VufM,30,40,explosion,data\explosion\DggKgQ9VufM_30.wav
N2QkInLwHb0,30,40,explosion,data\explosion\N2QkInLwHb0_30.wav
MseJEYK50rc,0,6,explosion,data\explosion\MseJEYK50rc_0.wav
1ni3AC2Yux4,0,8,explosion,data\explosion\1ni3AC2Yux4_0.wav
BMPAQj6sDiU,30,40,explosion,data\explosion\BMPAQj6sDiU_30.wav
95nBY8jYVIY,40,50,explosion,data\explosion\95nBY8jYVIY_40.wav
9HVnVotaTdY,8,18,explosion,data\explosion\9HVnVotaTdY_8.wav
85quy8zURmw,30,40,explosion,data\explosion\85quy8zURmw_30.wav
NVL9JjGQNmA,30,40,explosion,data\explosion\NVL9JjGQNmA_30.wav
4R2pTpgHX58,1,11,explosion,data\explosion\4R2pTpgHX58_1.wav
2aViX0id7Kk,17,27,explosion,data\explosion\2aViX0id7Kk_17.wav
BSPnp8sKxMo,0,8,explosion,data\explosion\BSPnp8sKxMo_0.wav
FsgUOM68xKQ,30,40,explosion,data\explosion\FsgUOM68xKQ_30.wav
6CobqoT6yDY,30,40,explosion,data\explosion\6CobqoT6yDY_30.wav
G_aQB92vuzc,30,40,explosion,data\explosion\G_aQB92vuzc_30.wav
NC4m2QhbD4Y,30,40,explosion,data\explosion\NC4m2QhbD4Y_30.wav
Lbcunx97PsM,0,10,explosion,data\explosion\Lbcunx97PsM_0.wav
GPZhcnRhI-I,30,40,explosion,data\explosion\GPZhcnRhI-I_30.wav
7jAmO3zxfLs,7,17,explosion,data\explosion\7jAmO3zxfLs_7.wav
HvSVQeCWLyY,30,40,explosion,data\explosion\HvSVQeCWLyY_30.wav
GHf5mCYeVGY,0,2,explosion,data\explosion\GHf5mCYeVGY_0.wav
6tPknShXjH4,0,2,explosion,data\explosion\6tPknShXjH4_0.wav
2mh_pAS5lwE,40,50,explosion,data\explosion\2mh_pAS5lwE_40.wav
4bZYw3nuS5E,30,40,explosion,data\explosion\4bZYw3nuS5E_30.wav
-GWsAdABhFQ,6,16,explosion,data\explosion\-GWsAdABhFQ_6.wav
MZqPWXWtBpU,21,31,explosion,data\explosion\MZqPWXWtBpU_21.wav
KnsHDtV7tOk,5,15,explosion,data\explosion\KnsHDtV7tOk_5.wav
FlhOMTV0Gao,30,40,explosion,data\explosion\FlhOMTV0Gao_30.wav
CMNlIW6Lkwc,12,22,explosion,data\explosion\CMNlIW6Lkwc_12.wav
A0i8HZghZZQ,0,10,explosion,data\explosion\A0i8HZghZZQ_0.wav
8WBr2fR6kBk,20,30,explosion,data\explosion\8WBr2fR6kBk_20.wav
EEviOOq7z4Y,30,40,explosion,data\explosion\EEviOOq7z4Y_30.wav
F4eBRfo2Yrc,14,24,explosion,data\explosion\F4eBRfo2Yrc_14.wav
P4ZSGb1q1uc,0,7,explosion,data\explosion\P4ZSGb1q1uc_0.wav
77AA1PY8nII,0,8,explosion,data\explosion\77AA1PY8nII_0.wav
CricRSEdrdI,8,18,explosion,data\explosion\CricRSEdrdI_8.wav
IqRowUE10nQ,0,6,explosion,data\explosion\IqRowUE10nQ_0.wav
K8Y3LuefeCg,30,40,explosion,data\explosion\K8Y3LuefeCg_30.wav
G_PlDJPjO0o,0,4,explosion,data\explosion\G_PlDJPjO0o_0.wav
OVtSGecZZU4,14,24,explosion,data\explosion\OVtSGecZZU4_14.wav
OFJP8zJ-FaE,16,26,explosion,data\explosion\OFJP8zJ-FaE_16.wav
BPvumDcwtK0,10,20,explosion,data\explosion\BPvumDcwtK0_10.wav
-jsBFwHRuPo,8,18,explosion,data\explosion\-jsBFwHRuPo_8.wav
JT01DIGjt6o,40,50,explosion,data\explosion\JT01DIGjt6o_40.wav
KzxzfRWBVbY,11,21,explosion,data\explosion\KzxzfRWBVbY_11.wav
O79mkiOFYtY,0,10,explosion,data\explosion\O79mkiOFYtY_0.wav
NCgcY4KTHck,40,50,explosion,data\explosion\NCgcY4KTHck_40.wav
4S3dEhCfy3Y,6,16,explosion,data\explosion\4S3dEhCfy3Y_6.wav
6OBsYZn8cKI,0,4,explosion,data\explosion\6OBsYZn8cKI_0.wav
3_d-HjRMmzA,0,10,explosion,data\explosion\3_d-HjRMmzA_0.wav
LXy9107T1o8,80,90,explosion,data\explosion\LXy9107T1o8_80.wav
G7VcpVJuE_A,2,12,explosion,data\explosion\G7VcpVJuE_A_2.wav
2xcbtz1ladg,25,35,explosion,data\explosion\2xcbtz1ladg_25.wav
G0vmsTgYmqs,0,10,explosion,data\explosion\G0vmsTgYmqs_0.wav
7OFLo7fuUPw,0,10,explosion,data\explosion\7OFLo7fuUPw_0.wav
K3kIIu4b6O4,0,8,explosion,data\explosion\K3kIIu4b6O4_0.wav
8LrDc6pcOQY,3,13,explosion,data\explosion\8LrDc6pcOQY_3.wav
NmUifbk46xM,11,21,explosion,data\explosion\NmUifbk46xM_11.wav
Hnj1-Agl7PA,17,27,explosion,data\explosion\Hnj1-Agl7PA_17.wav
NvRjZNNtiZw,4,14,explosion,data\explosion\NvRjZNNtiZw_4.wav
2HLtTNVcJLI,30,40,explosion,data\explosion\2HLtTNVcJLI_30.wav
6Pp1KMNaTJg,30,40,explosion,data\explosion\6Pp1KMNaTJg_30.wav
AaV1gpBrz1E,1,11,explosion,data\explosion\AaV1gpBrz1E_1.wav
D7oAy6hMpEs,30,40,explosion,data\explosion\D7oAy6hMpEs_30.wav
EUMOhZmqcVM,10,20,explosion,data\explosion\EUMOhZmqcVM_10.wav
Mxyqr8BVVTA,410,420,explosion,data\explosion\Mxyqr8BVVTA_410.wav
2ChEH4eZNaA,8,18,explosion,data\explosion\2ChEH4eZNaA_8.wav
2C4nvMqXCCE,17,27,explosion,data\explosion\2C4nvMqXCCE_17.wav
8HeJ9-coNHo,2,12,explosion,data\explosion\8HeJ9-coNHo_2.wav
EXJzGSymm5A,20,30,explosion,data\explosion\EXJzGSymm5A_20.wav
1S2BISM1lrw,0,4,explosion,data\explosion\1S2BISM1lrw_0.wav
58ZdrvFgS1c,12,22,explosion,data\explosion\58ZdrvFgS1c_12.wav
J7ozfJKUR5g,30,40,explosion,data\explosion\J7ozfJKUR5g_30.wav
IC2e6feGcyI,16,26,explosion,data\explosion\IC2e6feGcyI_16.wav
4IKWDMBTmM4,30,40,explosion,data\explosion\4IKWDMBTmM4_30.wav
7rboBCQyu_U,18,28,explosion,data\explosion\7rboBCQyu_U_18.wav
CkNkupd4NfQ,0,8,explosion,data\explosion\CkNkupd4NfQ_0.wav
NcvQvaw_lX0,30,40,explosion,data\explosion\NcvQvaw_lX0_30.wav
AWSwlJ9JZEs,27,37,explosion,data\explosion\AWSwlJ9JZEs_27.wav
OFG1-bkR7a8,0,10,explosion,data\explosion\OFG1-bkR7a8_0.wav
8O6PihkCrzI,25,35,explosion,data\explosion\8O6PihkCrzI_25.wav
6cLXQO3Dr3g,8,18,explosion,data\explosion\6cLXQO3Dr3g_8.wav
9Zs_CZsofoo,30,40,explosion,data\explosion\9Zs_CZsofoo_30.wav
3HZ4QTLYGas,3,13,explosion,data\explosion\3HZ4QTLYGas_3.wav
Hvz9KGt2WDA,0,9,explosion,data\explosion\Hvz9KGt2WDA_0.wav
-8NsBnMrWNI,26,36,explosion,data\explosion\-8NsBnMrWNI_26.wav
7OLLV7wNe7I,30,40,explosion,data\explosion\7OLLV7wNe7I_30.wav
CKBmXtrA8Tg,15,25,explosion,data\explosion\CKBmXtrA8Tg_15.wav
AV_ulC9-hrs,2,12,explosion,data\explosion\AV_ulC9-hrs_2.wav
OWK-G6AYFxg,20,30,gun,data\gun\OWK-G6AYFxg_20.wav
9RfSZdwPpcU,0,10,gun,data\gun\9RfSZdwPpcU_0.wav
EmhFAtzoapk,490,500,gun,data\gun\EmhFAtzoapk_490.wav
7dUL3TeelOo,270,280,gun,data\gun\7dUL3TeelOo_270.wav
AAcAazW9qAI,9,19,gun,data\gun\AAcAazW9qAI_9.wav
3DfRg-9tRN8,70,80,gun,data\gun\3DfRg-9tRN8_70.wav
5OCqyiE0hTU,30,40,gun,data\gun\5OCqyiE0hTU_30.wav
CbBa2toCIUE,210,220,gun,data\gun\CbBa2toCIUE_210.wav
3_d-HjRMmzA,0,10,gun,data\gun\3_d-HjRMmzA_0.wav
MCKeSq_p7vY,220,230,gun,data\gun\MCKeSq_p7vY_220.wav
5r3fgufqr1I,20,30,gun,data\gun\5r3fgufqr1I_20.wav
GxjOwp5eDXA,0,10,gun,data\gun\GxjOwp5eDXA_0.wav
AR2s-_o6AcA,90,100,gun,data\gun\AR2s-_o6AcA_90.wav
JOdxbkuAM9c,40,50,gun,data\gun\JOdxbkuAM9c_40.wav
AJGVYfrHgZo,30,40,gun,data\gun\AJGVYfrHgZo_30.wav
3XnL5Q6KAMY,130,140,gun,data\gun\3XnL5Q6KAMY_130.wav
E-WVpczwiDs,70,80,gun,data\gun\E-WVpczwiDs_70.wav
E7GYKESmOtI,60,70,gun,data\gun\E7GYKESmOtI_60.wav
2Y6HO7CHUXo,30,40,gun,data\gun\2Y6HO7CHUXo_30.wav
Ishmv9RnBSs,400,410,gun,data\gun\Ishmv9RnBSs_400.wav
Oq0BrxVgjEM,220,230,gun,data\gun\Oq0BrxVgjEM_220.wav
2Iu_q-ohcLo,520,530,gun,data\gun\2Iu_q-ohcLo_520.wav
-3e8_JljPpA,130,140,gun,data\gun\-3e8_JljPpA_130.wav
4ixdDPS5meo,0,10,gun,data\gun\4ixdDPS5meo_0.wav
LBMx3zjvmgU,130,140,gun,data\gun\LBMx3zjvmgU_130.wav
GbTzdC4mOtQ,30,40,gun,data\gun\GbTzdC4mOtQ_30.wav
GFCLtvLV0LY,490,500,gun,data\gun\GFCLtvLV0LY_490.wav
CAkjDsFTSMw,30,40,gun,data\gun\CAkjDsFTSMw_30.wav
15KdyDOKnZU,450,460,gun,data\gun\15KdyDOKnZU_450.wav
1N-qcpSphew,260,270,gun,data\gun\1N-qcpSphew_260.wav
O0pSFzoLAjY,330,340,gun,data\gun\O0pSFzoLAjY_330.wav
LmjeTTLO56U,27,37,gun,data\gun\LmjeTTLO56U_27.wav
HuHi2u3Hiak,160,170,gun,data\gun\HuHi2u3Hiak_160.wav
1Wz31eLYuk8,150,160,gun,data\gun\1Wz31eLYuk8_150.wav
D_1dxTkIUHg,180,190,gun,data\gun\D_1dxTkIUHg_180.wav
8RFjpTF_U7c,50,60,gun,data\gun\8RFjpTF_U7c_50.wav
NVcMHw1P8dg,120,130,gun,data\gun\NVcMHw1P8dg_120.wav
Nbv4bThrbGk,250,260,gun,data\gun\Nbv4bThrbGk_250.wav
5M6ts0mtaTM,1,11,gun,data\gun\5M6ts0mtaTM_1.wav
FmXRonhFnvo,90,100,gun,data\gun\FmXRonhFnvo_90.wav
O_6eV4zX8Fc,20,30,gun,data\gun\O_6eV4zX8Fc_20.wav
9wNjFtDvzBo,30,40,gun,data\gun\9wNjFtDvzBo_30.wav
0osIjY4kzhM,40,50,gun,data\gun\0osIjY4kzhM_40.wav
8jaKeBoe7VM,30,40,gun,data\gun\8jaKeBoe7VM_30.wav
LAy1ro3mbss,10,20,gun,data\gun\LAy1ro3mbss_10.wav
458hvFTiS4A,0,10,gun,data\gun\458hvFTiS4A_0.wav
HJEzjG-Ih68,30,40,gun,data\gun\HJEzjG-Ih68_30.wav
5Q0edXkSfHA,30,40,gun,data\gun\5Q0edXkSfHA_30.wav
0Hnrufry54I,11,21,gun,data\gun\0Hnrufry54I_11.wav
ONpMTGOnCBU,15,25,gun,data\gun\ONpMTGOnCBU_15.wav
OKtDhjvYLDE,190,200,gun,data\gun\OKtDhjvYLDE_190.wav
5UTfm5q5ZJw,40,50,gun,data\gun\5UTfm5q5ZJw_40.wav
Kl29GChddj8,14,24,gun,data\gun\Kl29GChddj8_14.wav
JG0BHPBQeu4,320,330,gun,data\gun\JG0BHPBQeu4_320.wav
LRovcTNgUc8,140,150,gun,data\gun\LRovcTNgUc8_140.wav
2sMkEGqilvA,50,60,gun,data\gun\2sMkEGqilvA_50.wav
GmDE6L2HSp0,140,150,gun,data\gun\GmDE6L2HSp0_140.wav
479n1B4Rsk4,100,110,gun,data\gun\479n1B4Rsk4_100.wav
7O-oeCMO5D4,30,40,gun,data\gun\7O-oeCMO5D4_30.wav
2xIw_Tzw2tw,180,190,gun,data\gun\2xIw_Tzw2tw_180.wav
9LNz1ZSwDqY,60,70,gun,data\gun\9LNz1ZSwDqY_60.wav
7BEHJkvZo40,0,10,gun,data\gun\7BEHJkvZo40_0.wav
46Nihry2Kuc,10,20,gun,data\gun\46Nihry2Kuc_10.wav
ByhkJCbF1CE,20,30,gun,data\gun\ByhkJCbF1CE_20.wav
78D8r4L_TA0,30,40,gun,data\gun\78D8r4L_TA0_30.wav
0nlRmG32y50,30,40,gun,data\gun\0nlRmG32y50_30.wav
3SLGd0CZ5go,110,120,gun,data\gun\3SLGd0CZ5go_110.wav
8C5B9uGuSA8,50,60,gun,data\gun\8C5B9uGuSA8_50.wav
40K80HDkBXg,390,400,gun,data\gun\40K80HDkBXg_390.wav
AirblPLOLgw,160,170,gun,data\gun\AirblPLOLgw_160.wav
Nwwld2DW870,10,20,gun,data\gun\Nwwld2DW870_10.wav
2TU3iFj8Q2w,390,400,gun,data\gun\2TU3iFj8Q2w_390.wav
9zkVHxGsS5M,90,100,gun,data\gun\9zkVHxGsS5M_90.wav
CnuAlRGwONM,30,40,gun,data\gun\CnuAlRGwONM_30.wav
-PoXQIZDs0c,20,30,gun,data\gun\-PoXQIZDs0c_20.wav
AR2dTD2KbG8,30,40,gun,data\gun\AR2dTD2KbG8_30.wav
5vxmLwV2ff4,90,100,gun,data\gun\5vxmLwV2ff4_90.wav
JflPWh2WEsc,30,40,gun,data\gun\JflPWh2WEsc_30.wav
J42AgBxaWPU,370,380,gun,data\gun\J42AgBxaWPU_370.wav
D2WbbjtBP54,0,10,gun,data\gun\D2WbbjtBP54_0.wav
1KwY0EykfB8,290,300,gun,data\gun\1KwY0EykfB8_290.wav
EpJz3BgLDMw,80,90,gun,data\gun\EpJz3BgLDMw_80.wav
LqEUnJKbG30,0,10,gun,data\gun\LqEUnJKbG30_0.wav
GCFITdhrss8,40,50,gun,data\gun\GCFITdhrss8_40.wav
GY014VI5RvI,20,30,gun,data\gun\GY014VI5RvI_20.wav
EaiK6VMberI,190,200,gun,data\gun\EaiK6VMberI_190.wav
JaI3sVjIS0A,30,40,gun,data\gun\JaI3sVjIS0A_30.wav
AF4GDa53zVc,10,20,gun,data\gun\AF4GDa53zVc_10.wav
-tw5aRabPXI,180,190,gun,data\gun\-tw5aRabPXI_180.wav
GVw2MVdduOE,10,20,gun,data\gun\GVw2MVdduOE_10.wav
3XN92m4F9tU,160,170,gun,data\gun\3XN92m4F9tU_160.wav
6KROrnvX2mw,300,310,gun,data\gun\6KROrnvX2mw_300.wav
4VCsYsJIxHU,210,220,gun,data\gun\4VCsYsJIxHU_210.wav
AJVAWB0eimg,60,70,gun,data\gun\AJVAWB0eimg_60.wav
LtK8LrFBtRw,30,40,gun,data\gun\LtK8LrFBtRw_30.wav
LFK6tR2Y0I0,17,27,gun,data\gun\LFK6tR2Y0I0_17.wav
DHg6fCVLmHw,20,30,gun,data\gun\DHg6fCVLmHw_20.wav
OKD2gjH-AnQ,50,60,gun,data\gun\OKD2gjH-AnQ_50.wav
6bR2SWUOR4I,0,10,gun,data\gun\6bR2SWUOR4I_0.wav
Oxdgv-HzTCQ,5,15,gun,data\gun\Oxdgv-HzTCQ_5.wav
GDyAXxrO9lA,110,120,shatter,data\shatter\GDyAXxrO9lA_110.wav
3tRHKIVsLj8,180,190,shatter,data\shatter\3tRHKIVsLj8_180.wav
F77-qB48bNc,410,420,shatter,data\shatter\F77-qB48bNc_410.wav
8yRgnXdpayc,10,20,shatter,data\shatter\8yRgnXdpayc_10.wav
53iqR8_8UbM,10,20,shatter,data\shatter\53iqR8_8UbM_10.wav
D8N4vQw4Mgg,520,530,shatter,data\shatter\D8N4vQw4Mgg_520.wav
HYERd4dNIlg,0,10,shatter,data\shatter\HYERd4dNIlg_0.wav
HFjiDWIwBkA,350,360,shatter,data\shatter\HFjiDWIwBkA_350.wav
D133qotuiVc,0,10,shatter,data\shatter\D133qotuiVc_0.wav
LuVJAApoKJI,0,10,shatter,data\shatter\LuVJAApoKJI_0.wav
4hew3HeE1LI,0,10,shatter,data\shatter\4hew3HeE1LI_0.wav
8eS6qW44Sz8,70,80,shatter,data\shatter\8eS6qW44Sz8_70.wav
0w2l3KatdYA,200,210,shatter,data\shatter\0w2l3KatdYA_200.wav
8rJBP4HSe9Q,20,30,shatter,data\shatter\8rJBP4HSe9Q_20.wav
IdtBWJyWO-M,0,10,shatter,data\shatter\IdtBWJyWO-M_0.wav
3qCf8wct2pc,0,10,shatter,data\shatter\3qCf8wct2pc_0.wav
DQhaDD9cUZE,60,70,shatter,data\shatter\DQhaDD9cUZE_60.wav
MdQW-TpfqBk,0,10,shatter,data\shatter\MdQW-TpfqBk_0.wav
1F_HuBvTYNg,40,50,shatter,data\shatter\1F_HuBvTYNg_40.wav
2fF-DBzkjZY,290,300,shatter,data\shatter\2fF-DBzkjZY_290.wav
EKpmM9Mi3og,310,320,shatter,data\shatter\EKpmM9Mi3og_310.wav
Bs360Shf8lE,10,20,shatter,data\shatter\Bs360Shf8lE_10.wav
BamyhsjXozs,90,100,shatter,data\shatter\BamyhsjXozs_90.wav
7ipXnx21F3A,10,20,shatter,data\shatter\7ipXnx21F3A_10.wav
3WkPFvWetro,160,170,shatter,data\shatter\3WkPFvWetro_160.wav
7OVPPhpJ_Ds,50,60,shatter,data\shatter\7OVPPhpJ_Ds_50.wav
7rxDEVrT4js,0,10,shatter,data\shatter\7rxDEVrT4js_0.wav
1NRBl2ahOkg,30,40,shatter,data\shatter\1NRBl2ahOkg_30.wav
O9he2d4L7I4,50,60,shatter,data\shatter\O9he2d4L7I4_50.wav
I0GjYjd0oY0,220,230,shatter,data\shatter\I0GjYjd0oY0_220.wav
5RUFpGaEfK4,170,180,shatter,data\shatter\5RUFpGaEfK4_170.wav
K4IzBkfJ5RM,10,20,shatter,data\shatter\K4IzBkfJ5RM_10.wav
0rZnHg698N8,40,50,shatter,data\shatter\0rZnHg698N8_40.wav
JERbsLm8E58,120,130,shatter,data\shatter\JERbsLm8E58_120.wav
IvuZXN2S7Ug,40,50,shatter,data\shatter\IvuZXN2S7Ug_40.wav
65snZoasQEQ,50,60,shatter,data\shatter\65snZoasQEQ_50.wav
KtdLvZx7kow,370,380,shatter,data\shatter\KtdLvZx7kow_370.wav
5H1VQSx1LBI,240,250,shatter,data\shatter\5H1VQSx1LBI_240.wav
3713EFqrkvs,190,200,shatter,data\shatter\3713EFqrkvs_190.wav
Mk8ZlhFe3hs,2,12,shatter,data\shatter\Mk8ZlhFe3hs_2.wav
Ebsn_iQiico,200,210,shatter,data\shatter\Ebsn_iQiico_200.wav
-eUt1V7Pais,10,20,shatter,data\shatter\-eUt1V7Pais_10.wav
7LhhXj22fO4,80,90,shatter,data\shatter\7LhhXj22fO4_80.wav
22CA9EHzY5c,50,60,shatter,data\shatter\22CA9EHzY5c_50.wav
0gLXDN0AxkI,0,10,shatter,data\shatter\0gLXDN0AxkI_0.wav
5Wc9TIwDTNo,0,10,shatter,data\shatter\5Wc9TIwDTNo_0.wav
LCF-NuNI18c,0,10,shatter,data\shatter\LCF-NuNI18c_0.wav
MObFqr70CRE,90,100,shatter,data\shatter\MObFqr70CRE_90.wav
1phhYi8k7Mg,50,60,shatter,data\shatter\1phhYi8k7Mg_50.wav
3TmlnYCDGqU,170,180,shatter,data\shatter\3TmlnYCDGqU_170.wav
CkP3lJZqhZk,360,370,shatter,data\shatter\CkP3lJZqhZk_360.wav
7tySsPckMu0,0,10,shatter,data\shatter\7tySsPckMu0_0.wav
AmLTM1sX-2g,0,10,shatter,data\shatter\AmLTM1sX-2g_0.wav
5pgARrqP0-Q,130,140,shatter,data\shatter\5pgARrqP0-Q_130.wav
1tzKca1IJ-w,130,140,shatter,data\shatter\1tzKca1IJ-w_130.wav
GfcQeSO8NKs,0,10,shatter,data\shatter\GfcQeSO8NKs_0.wav
-mGX2wYBZlY,70,80,shatter,data\shatter\-mGX2wYBZlY_70.wav
95JAgJldpCE,10,20,shatter,data\shatter\95JAgJldpCE_10.wav
Lvt_03xzVtc,20,30,shatter,data\shatter\Lvt_03xzVtc_20.wav
G73nkmD6Ufk,0,4,shatter,data\shatter\G73nkmD6Ufk_0.wav
BAWOY4XilfM,0,10,shatter,data\shatter\BAWOY4XilfM_0.wav
-c4IXBaZpTI,230,240,shatter,data\shatter\-c4IXBaZpTI_230.wav
H09QHv2cOVQ,200,210,shatter,data\shatter\H09QHv2cOVQ_200.wav
Gx1Iqh7OqCw,280,290,shatter,data\shatter\Gx1Iqh7OqCw_280.wav
Ds7BeDaofxY,0,10,shatter,data\shatter\Ds7BeDaofxY_0.wav
JG-TGbNztLw,290,300,shatter,data\shatter\JG-TGbNztLw_290.wav
6v4ShqrZUVM,160,170,shatter,data\shatter\6v4ShqrZUVM_160.wav
6uM3rZEl9GE,30,40,shatter,data\shatter\6uM3rZEl9GE_30.wav
CJsKo3u7dsk,170,180,shatter,data\shatter\CJsKo3u7dsk_170.wav
5a1G9U4qrcw,580,590,shatter,data\shatter\5a1G9U4qrcw_580.wav
IPWRvzh918o,0,10,shatter,data\shatter\IPWRvzh918o_0.wav
JCBMKY6_o1w,0,10,shatter,data\shatter\JCBMKY6_o1w_0.wav
0G3_nl1buRY,0,10,shatter,data\shatter\0G3_nl1buRY_0.wav
Aa6_NtDD9SQ,230,240,shatter,data\shatter\Aa6_NtDD9SQ_230.wav
3yJEgGsGGNY,130,140,shatter,data\shatter\3yJEgGsGGNY_130.wav
AXoq1mQAaOE,30,40,shatter,data\shatter\AXoq1mQAaOE_30.wav
8mvGbjPFU8g,440,450,shatter,data\shatter\8mvGbjPFU8g_440.wav
2iaaatUW0hs,0,10,shatter,data\shatter\2iaaatUW0hs_0.wav
3zAp2kxzU7Q,50,60,shatter,data\shatter\3zAp2kxzU7Q_50.wav
6owPYaZyWG8,0,10,shatter,data\shatter\6owPYaZyWG8_0.wav
CsO2Bt6X_3E,160,170,shatter,data\shatter\CsO2Bt6X_3E_160.wav
4hI9R-IxXNg,30,40,smash,data\smash\4hI9R-IxXNg_30.wav
0aY0SyKsWRE,10,20,smash,data\smash\0aY0SyKsWRE_10.wav
BmFnz96ncSw,0,8,smash,data\smash\BmFnz96ncSw_0.wav
6xXwh7ilBtU,30,40,smash,data\smash\6xXwh7ilBtU_30.wav
LaH-tod_VJo,420,430,smash,data\smash\LaH-tod_VJo_420.wav
0twY6Zzf1C8,30,40,smash,data\smash\0twY6Zzf1C8_30.wav
NnZkv1PlJVQ,20,30,smash,data\smash\NnZkv1PlJVQ_20.wav
4eCTF_fy_OQ,240,250,smash,data\smash\4eCTF_fy_OQ_240.wav
1Aupnh5t37c,30,40,smash,data\smash\1Aupnh5t37c_30.wav
OZgbc5xyJ7Q,210,220,smash,data\smash\OZgbc5xyJ7Q_210.wav
52pQYx4yR6M,0,5,smash,data\smash\52pQYx4yR6M_0.wav
5b-QG1yXQxo,30,40,smash,data\smash\5b-QG1yXQxo_30.wav
18hpMOUt54I,2,12,smash,data\smash\18hpMOUt54I_2.wav
7sG_rrCSIsk,510,520,smash,data\smash\7sG_rrCSIsk_510.wav
-daz1uFYp_Y,8,18,smash,data\smash\-daz1uFYp_Y_8.wav
4BWNwIV7Ty8,30,40,smash,data\smash\4BWNwIV7Ty8_30.wav
KbRftt5myc8,400,410,smash,data\smash\KbRftt5myc8_400.wav
AxQFg2taFTM,30,40,smash,data\smash\AxQFg2taFTM_30.wav
-HeYIOBnMKY,30,40,smash,data\smash\-HeYIOBnMKY_30.wav
5voZrstkkoc,30,40,smash,data\smash\5voZrstkkoc_30.wav
9mh_ig-waiQ,30,40,smash,data\smash\9mh_ig-waiQ_30.wav
JQdGe6MD8Qk,30,40,smash,data\smash\JQdGe6MD8Qk_30.wav
5zbL4k3VsgI,30,40,smash,data\smash\5zbL4k3VsgI_30.wav
3HOUkehuX2A,30,40,smash,data\smash\3HOUkehuX2A_30.wav
GNPntjS06os,30,40,smash,data\smash\GNPntjS06os_30.wav
M_kIJbBSO-o,90,100,smash,data\smash\M_kIJbBSO-o_90.wav
81DxjcSmeRo,30,40,smash,data\smash\81DxjcSmeRo_30.wav
0_J5d_9G0NM,30,40,smash,data\smash\0_J5d_9G0NM_30.wav
4yEyFvRTMks,30,40,smash,data\smash\4yEyFvRTMks_30.wav
6mTUK3EPrO0,200,210,smash,data\smash\6mTUK3EPrO0_200.wav
5Cduh70rQtk,30,40,smash,data\smash\5Cduh70rQtk_30.wav
64RKUOAUOk8,30,40,smash,data\smash\64RKUOAUOk8_30.wav
5cHDBXbn5-g,30,40,smash,data\smash\5cHDBXbn5-g_30.wav
1Ra_d50Q1Lk,30,40,smash,data\smash\1Ra_d50Q1Lk_30.wav
ImkCVuuAUu0,210,220,smash,data\smash\ImkCVuuAUu0_210.wav
GaExVtBQlXU,30,40,smash,data\smash\GaExVtBQlXU_30.wav
DxFv2wPrqUg,30,40,smash,data\smash\DxFv2wPrqUg_30.wav
3rJ1V-DeaWw,30,40,smash,data\smash\3rJ1V-DeaWw_30.wav
5JiVpJokGiM,30,40,smash,data\smash\5JiVpJokGiM_30.wav
233yZDXC7sw,30,40,smash,data\smash\233yZDXC7sw_30.wav
K3yr8b-sPwo,29,39,smash,data\smash\K3yr8b-sPwo_29.wav
-jM0rQMSE80,30,40,smash,data\smash\-jM0rQMSE80_30.wav
7Nki6gFPPZs,90,100,smash,data\smash\7Nki6gFPPZs_90.wav
Bc6I4jevT-8,30,40,smash,data\smash\Bc6I4jevT-8_30.wav
2a-G7ZxrWdk,1,11,smash,data\smash\2a-G7ZxrWdk_1.wav
68wEQxn_YlA,30,40,smash,data\smash\68wEQxn_YlA_30.wav
6dFQOrHU5hA,30,40,smash,data\smash\6dFQOrHU5hA_30.wav
48v2djuebqY,30,40,smash,data\smash\48v2djuebqY_30.wav
2CqqN8HX4oY,8,18,smash,data\smash\2CqqN8HX4oY_8.wav
2OxGlLu_sf8,210,220,smash,data\smash\2OxGlLu_sf8_210.wav
AJC5DwR-9bo,30,40,smash,data\smash\AJC5DwR-9bo_30.wav
5NqdqHCLbew,30,40,smash,data\smash\5NqdqHCLbew_30.wav
6dv_hCR0kq0,30,40,smash,data\smash\6dv_hCR0kq0_30.wav
0guqvobt0S8,30,40,smash,data\smash\0guqvobt0S8_30.wav
2IHHMIBPg2I,30,40,smash,data\smash\2IHHMIBPg2I_30.wav
5B4MpQ_pI2E,25,35,smash,data\smash\5B4MpQ_pI2E_25.wav
ICPGtM23Q68,170,180,smash,data\smash\ICPGtM23Q68_170.wav
NPJrluFP16g,20,30,smash,data\smash\NPJrluFP16g_20.wav
MzoYW9vwRdE,230,240,smash,data\smash\MzoYW9vwRdE_230.wav
FXAEauREL9c,30,40,smash,data\smash\FXAEauREL9c_30.wav
FpSltDaQk3E,80,90,smash,data\smash\FpSltDaQk3E_80.wav
0IhZ8j0U0Nw,30,40,smash,data\smash\0IhZ8j0U0Nw_30.wav
-rSyzgLDESQ,30,40,smash,data\smash\-rSyzgLDESQ_30.wav
19KwLk_d2Us,30,40,smash,data\smash\19KwLk_d2Us_30.wav
0FhuO7FnSy0,0,6,smash,data\smash\0FhuO7FnSy0_0.wav
KJjIoBW4Y74,30,40,smash,data\smash\KJjIoBW4Y74_30.wav
NQaA1Hfndcs,30,40,smash,data\smash\NQaA1Hfndcs_30.wav
6GYddPkpDi8,30,40,smash,data\smash\6GYddPkpDi8_30.wav
CbaOn8f7xrc,30,40,smash,data\smash\CbaOn8f7xrc_30.wav
3r9T9ru7UgM,30,40,smash,data\smash\3r9T9ru7UgM_30.wav
8h399jJdFYA,30,40,smash,data\smash\8h399jJdFYA_30.wav
-_baPBisf6M,30,40,smash,data\smash\-_baPBisf6M_30.wav
DqAKqLiIwBs,30,40,smash,data\smash\DqAKqLiIwBs_30.wav
0ksMyKsUywI,30,40,smash,data\smash\0ksMyKsUywI_30.wav
NGTyyMq5lQs,30,40,smash,data\smash\NGTyyMq5lQs_30.wav
BpsgAsu1Z4Y,30,40,smash,data\smash\BpsgAsu1Z4Y_30.wav
F3qBm2bsBmw,30,40,smash,data\smash\F3qBm2bsBmw_30.wav
AarobesJGAM,30,40,smash,data\smash\AarobesJGAM_30.wav
FBxt2ubawZM,30,40,smash,data\smash\FBxt2ubawZM_30.wav
N0TkGUiwm8I,440,450,smash,data\smash\N0TkGUiwm8I_440.wav
8l0BgXqsHLY,370,380,smash,data\smash\8l0BgXqsHLY_370.wav
2p4OI0DZL9E,30,40,smash,data\smash\2p4OI0DZL9E_30.wav
FewFWENDlOM,13,23,smash,data\smash\FewFWENDlOM_13.wav
2j0pfmm-Qvo,30,40,smash,data\smash\2j0pfmm-Qvo_30.wav
9vgq9YKetsE,12,22,smash,data\smash\9vgq9YKetsE_12.wav
5ZkE0WLbNN8,30,40,smash,data\smash\5ZkE0WLbNN8_30.wav
7uM3cm_Z9GQ,10,20,smash,data\smash\7uM3cm_Z9GQ_10.wav
5nGuSyCoVcE,30,40,smash,data\smash\5nGuSyCoVcE_30.wav
BSbFBwWTHjg,30,40,smash,data\smash\BSbFBwWTHjg_30.wav
-zJk_Guxl1g,30,40,smash,data\smash\-zJk_Guxl1g_30.wav
0-RAys_wX5c,30,40,smash,data\smash\0-RAys_wX5c_30.wav
14Z5seslDgk,30,40,smash,data\smash\14Z5seslDgk_30.wav
15Il3Z_drgo,240,250,smash,data\smash\15Il3Z_drgo_240.wav
1T2bT8Ai5KA,30,40,smash,data\smash\1T2bT8Ai5KA_30.wav
9gN4EeyMopc,30,40,smash,data\smash\9gN4EeyMopc_30.wav
JnRKYE3OkSk,160,170,smash,data\smash\JnRKYE3OkSk_160.wav
3_meiFWdNas,30,40,smash,data\smash\3_meiFWdNas_30.wav
-VXZgLBbb5U,30,40,smash,data\smash\-VXZgLBbb5U_30.wav
20waAlK7u-E,30,40,smash,data\smash\20waAlK7u-E_30.wav
Iu2JbB3ymZ4,30,40,smash,data\smash\Iu2JbB3ymZ4_30.wav
